Symbol,Name,Last Sale,Net Change,% Change,Market Cap,Country,IPO Year,Volume,Sector,Industry
AAMC,Altisource Asset Management Corp Com,$3.785,0.185,5.139%,9668828.00,United States,,9264,Finance,Real Estate
ACU,Acme United Corporation. Common Stock,$42.50,-1.99,-4.473%,154921000.00,United States,1988,22113,Consumer Discretionary,Industrial Machinery/Components
ADRT,Ault Disruptive Technologies Corporation Common Stock,$13.00,0.00,0.00%,186875000.00,,2022,82,Finance,Blank Checks
AE,Adams Resources & Energy Inc. Common Stock,$29.37,-0.38,-1.277%,75382481.00,United States,1980,3561,Energy,Oil Refining/Marketing
AEF,abrdn Emerging Markets Equity Income Fund Inc. Common Stock,$4.965,-0.10,-1.974%,533054813.00,United States,,119920,Finance,Finance/Investors Services
AEON,AEON Biopharma Inc. Class A Common Stock,$7.60,-0.91,-10.693%,287195321.00,United States,,37801,Health Care,Biotechnology: Pharmaceutical Preparations
AIM,AIM ImmunoTech Inc. Common Stock,$0.562,-0.0521,-8.484%,28044461.00,United States,1997,321241,Health Care,Biotechnology: Biological Products (No Diagnostic Substances)
AINC,Ashford Inc. (Holding Company) Common Stock,$4.73,0.02,0.425%,15202102.00,United States,2014,41362,Consumer Discretionary,Professional Services
AIRI,Air Industries Group Common Stock,$4.80,0.00,0.00%,15854616.00,United States,,5727,Industrials,Military/Government/Technical
AMBI,Ambipar Emergency Response Class A Ordinary Shares,$5.08,-0.208,-3.933%,281583638.00,,,5532,Industrials,Environmental Services
AMBO,Ambow Education Holding Ltd. American Depository Shares (each representing twenty (20) Class A Ordinary Shares),$1.62,-0.03,-1.818%,4627329.00,China,,3466,Real Estate,Other Consumer Services
AMPE,Ampio Pharmaceuticals Inc.,$0.62,-0.0919,-12.909%,703922.00,United States,2022,52778,Health Care,Biotechnology: Pharmaceutical Preparations
AMS,American Shared Hospital Services Common Stock,$2.93,-0.02,-0.678%,18546900.00,United States,1988,1113,Health Care,Medical Specialities
APT,Alpha Pro Tech Ltd. Common Stock,$5.96,-0.29,-4.64%,68313723.00,Canada,2000,101644,Health Care,Industrial Specialties
AREN,The Arena Group Holdings Inc. Common Stock,$0.75,-0.0425,-5.363%,22327915.00,United States,2022,58965,Health Care,Medical/Dental Instruments
ARMN,Aris Mining Corporation Common Shares,$3.62,-0.09,-2.426%,511575638.00,,2023,379567,,
ARMP,Armata Pharmaceuticals Inc. Common Stock,$3.25,-0.06,-1.813%,117482752.00,United States,,4424,Health Care,Biotechnology: Biological Products (No Diagnostic Substances)
ASM,Avino Silver & Gold Mines Ltd. Common Shares (Canada),$0.7653,-0.0241,-3.053%,96279445.00,Canada,,2537076,Basic Materials,Metal Mining
ASXC,Asensus Surgical Inc. Common Stock,$0.271,-0.0071,-2.553%,73708306.00,United States,,1346235,Health Care,Medical/Dental Instruments
ATCH,AtlasClear Holdings Inc. Common Stock,$1.43,0.005,0.351%,16847915.00,,2024,78583,Finance,Finance: Consumer Services
ATEK,Athena Technology Acquisition Corp. II Class A Common Stock,$11.32,0.00,0.00%,0.00,,2022,331,Finance,Blank Checks
ATNM,Actinium Pharmaceuticals Inc. (Delaware) Common Stock,$9.00,-0.09,-0.99%,264567699.00,United States,,303627,Health Care,Biotechnology: Pharmaceutical Preparations
AULT,Ault Alliance Inc. Common Stock,$0.3297,-0.019,-5.449%,930545.00,United States,1997,1892596,Finance,Investment Bankers/Brokers/Service
AULT^D,Ault Alliance Inc. 13.00% Series D Cumulative Redeemable Perpetual Preferred Stock,$24.00,0.24,1.01%,,United States,,178,,
AUMN,Golden Minerals Company Common Stock,$0.6515,-0.0135,-2.03%,9494474.00,United States,,667960,Basic Materials,Precious Metals
AUST,Austin Gold Corp. Common Shares,$1.15,0.05,4.545%,15262513.00,,2022,312897,,
AWX,Avalon Holdings Corporation Common Stock,$2.2699,0.0599,2.71%,8851318.00,United States,1998,785,Utilities,Environmental Services
AXIL,AXIL Brands Inc. Common Stock,$12.06,-0.24,-1.951%,70900004.00,,2024,4401,Consumer Discretionary,Package Goods/Cosmetics
AZTR,Azitra Inc Common Stock,$0.1752,-0.0073,-4.00%,5046573.00,,2023,300716,Health Care,Biotechnology: Pharmaceutical Preparations
BACA,Berenson Acquisition Corp. I Class A Common Stock,$10.38,-0.01,-0.096%,0.00,,2021,2604,Finance,Blank Checks
BATL,Battalion Oil Corporation Common Stock,$5.41,-0.12,-2.17%,89030006.00,United States,,129070,Energy,Oil & Gas Production
BCV,Bancroft Fund Ltd.,$15.26,-0.18,-1.166%,0.00,United States,1972,13453,Finance,Finance/Investors Services
BCV^A,Bancroft Fund Limited 5.375% Series A Cumulative Preferred Shares,$22.39,-0.10,-0.445%,,United States,,2194,,
BDL,Flanigan's Enterprises Inc. Common Stock,$27.00,-0.70,-2.527%,50183469.00,United States,1972,908,Consumer Discretionary,Restaurants
BEEP,Mobile Infrastructure Corporation Common Stock,$3.64,-0.08,-2.151%,0.00,,2023,25027,Finance,Blank Checks
BGI,Birks Group Inc. Common Stock,$2.90,0.00,0.00%,31813000.00,Canada,,4467,Consumer Discretionary,Consumer Specialties
BHB,Bar Harbor Bankshares Inc. Common Stock,$23.88,-0.43,-1.769%,362618301.00,United States,1997,33123,Finance,Major Banks
BHM,Bluerock Homes Trust Inc. Class A Common Stock,$16.35,0.00,0.00%,63433978.00,,2022,6773,Real Estate,Real Estate Investment Trusts
BITE,Bite Acquisition Corp. Common Stock,$10.80,0.0006,0.006%,0.00,,2021,301,Finance,Blank Checks
BKTI,BK Technologies Corporation Common Stock,$13.81,-0.6414,-4.438%,48680278.00,United States,,8839,Technology,Radio And Television Broadcasting And Communications Equipment
BLUA,BlueRiver Acquisition Corp. Class A Ordinary Shares,$10.97,0.02,0.183%,0.00,,2021,588,Finance,Blank Checks
BMTX,BM Technologies Inc. Common Stock,$1.50,0.00,0.00%,18095660.00,,2018,170,Finance,Major Banks
BQ,Boqii Holding Limited American Depositary Shares representing Class A Ordinary Shares,$0.2586,-0.0013,-0.50%,1683009.00,,2020,14831,Consumer Discretionary,Other Specialty Stores
BRBS,Blue Ridge Bankshares Inc. Common Stock,$2.60,0.00,0.00%,49915785.00,United States,,75768,Finance,Commercial Banks
BRN,Barnwell Industries Inc. Common Stock,$2.62,0.08,3.15%,26273596.00,United States,1965,183616,Energy,Oil & Gas Production
BTG,B2Gold Corp Common shares (Canada),$2.89,-0.01,-0.345%,3765522515.00,Canada,,27968884,,
BTTR,Better Choice Company Inc. Common Stock,$6.02,-0.60,-9.063%,4958385.00,,2021,65276,Consumer Staples,Beverages (Production/Distribution)
BURU,Nuburu Inc. Common Stock,$0.1718,-0.0174,-9.197%,6338445.00,United States,2020,433526,Technology,Industrial Machinery/Components
CANF,Can-Fite Biopharma Ltd Sponsored ADR (Israel),$2.10,-0.18,-7.895%,9518861.00,Israel,,14349,Health Care,Biotechnology: Pharmaceutical Preparations
CATX,Perspective Therapeutics Inc. Common Stock,$1.47,0.05,3.521%,862766486.00,United States,,5102883,Health Care,Medical/Dental Instruments
CCEL,Cryo-Cell International Inc. Common Stock,$7.21,-0.0631,-0.868%,59747720.00,United States,2022,5865,Health Care,Managed Health Care
CEI,Camber Energy Inc. Common Stock,$0.2228,0.0336,17.759%,33183899.00,United States,,43770825,Energy,Oil & Gas Production
CET,Central Securities Corporation Common Stock,$40.93,-0.68,-1.634%,9906091436.00,United States,1951,36645,Finance,Finance/Investors Services
CEV,Eaton Vance California Municipal Income Trust Shares of Beneficial Interest,$10.29,-0.21,-2.00%,72375487.00,United States,1999,36402,Finance,Investment Bankers/Brokers/Service
CHAA,Catcha Investment Corp. Class A Ordinary Shares,$11.1873,-0.0227,-0.202%,0.00,,2021,3324,Finance,Blank Checks
CHRO,Chromocell Therapeutics Corporation Common Stock,$1.9988,0.1683,9.194%,11528129.00,,2024,6414,,
CIK,Credit Suisse Asset Management Income Fund Inc. Common Stock,$2.895,-0.02,-0.686%,0.00,United States,,171503,Finance,Finance/Investors Services
CIX,CompX International Inc. Common Stock,$33.10,-0.21,-0.63%,407585357.00,United States,1998,14214,Consumer Discretionary,Industrial Machinery/Components
CKX,CKX Lands Inc. Common Stock,$13.43,-0.1099,-0.812%,26743656.00,United States,2003,290,Energy,Oil & Gas Production
CLDI,Calidi Biotherapeutics Inc. Common Stock,$0.6948,0.0552,8.63%,24691826.00,,2021,774771,Health Care,Biotechnology: Biological Products (No Diagnostic Substances)
CLM,Cornerstone Strategic Value Fund Inc. New Common Stock,$7.54,-0.22,-2.835%,0.00,United States,2003,1934301,Finance,Finance/Investors Services
CMCL,Caledonia Mining Corporation Plc Common Shares,$10.73,-0.35,-3.159%,205908700.00,Canada,,48195,Basic Materials,Precious Metals
CMT,Core Molding Technologies Inc Common Stock,$18.39,0.09,0.492%,166258547.00,United States,1996,34140,Consumer Discretionary,Electronic Components
COE,51Talk Online Education Group American depositary shares each representing 60 Class A ordinary shares,$6.51,0.00,0.00%,36653058.00,China,2016,33,Real Estate,Other Consumer Services
COHN,Cohen & Company Inc.,$6.755,0.095,1.426%,13024802.00,United States,,7642,Finance,Investment Bankers/Brokers/Service
CPHI,China Pharma Holdings Inc. Common Stock,$0.3689,-0.0012,-0.324%,5465941.00,China,,395766,Health Care,Biotechnology: Pharmaceutical Preparations
CRF,Cornerstone Total Return Fund Inc. (The) Common Stock,$7.58,-0.24,-3.069%,0.00,United States,2003,876716,Finance,Finance/Investors Services
CTGO,Contango ORE Inc. Common Stock,$20.97,1.50,7.704%,197120684.00,United States,2021,23301,Basic Materials,Precious Metals
CTM,Castellum Inc. Common Stock,$0.2365,0.006,2.603%,12541575.00,,2022,226053,Technology,EDP Services
CVM,Cel-Sci Corporation Common Stock,$1.63,-0.03,-1.807%,81669897.00,United States,1997,117408,Health Care,Biotechnology: Biological Products (No Diagnostic Substances)
CVR,Chicago Rivet & Machine Co. Common Stock,$15.60,0.00,0.00%,15071659.00,United States,1930,654,Industrials,Industrial Machinery/Components
CVU,CPI Aerostructures Inc. Common Stock,$2.845,0.0549,1.968%,36570848.00,United States,2022,65890,Industrials,Military/Government/Technical
CYBN,Cybin Inc. Common Shares,$0.366,-0.014,-3.684%,93905911.00,Canada,,7422386,Health Care,Pharmaceuticals and Biotechnology
DC,Dakota Gold Corp. Common Stock,$2.79,0.01,0.36%,244693998.00,United States,2022,542306,Basic Materials,Precious Metals
DDC,DDC Enterprise Limited Class A Ordinary Shares,$1.52,-0.08,-5.00%,30283063.00,,2023,34955,Basic Materials,Metal Mining
DHY,Credit Suisse High Yield Bond Fund Common Stock,$2.00,-0.06,-2.913%,0.00,United States,1998,549697,Finance,Finance/Investors Services
DIT,AMCON Distributing Company Common Stock,$173.27,6.27,3.754%,109222824.00,United States,1999,271,Consumer Discretionary,Food Distributors
DLA,Delta Apparel Inc. Common Stock,$2.66,-0.01,-0.375%,18756059.00,United States,2000,8933,Consumer Staples,Apparel
DMF,BNY Mellon Municipal Income Inc. Common Stock,$6.64,0.04,0.606%,413611271.00,United States,1988,49765,Finance,Finance/Investors Services
DMYY,dMY Squared Technology Group Inc. Class A Common Stock,$10.68,0.00,0.00%,0.00,,2022,18,Finance,Blank Checks
DNN,Denison Mines Corp Ordinary Shares (Canada),$2.11,-0.08,-3.653%,1880002343.00,Canada,,20497192,,
DPSI,DecisionPoint Systems Inc. Common Stock,$8.3501,-0.0035,-0.042%,64131557.00,,2022,793,Technology,Retail: Computer Software & Peripheral Equipment
DSS,DSS Inc. Common Stock,$1.86,-0.09,-4.615%,13144196.00,United States,,4904,Consumer Discretionary,Containers/Packaging
DXF,Dunxin Financial Holdings Limited American Depositary Shares,$0.2909,-0.0243,-7.709%,631773.00,China,,122774,Finance,Finance: Consumer Services
EAD,Allspring Income Opportunities Fund Common Shares,$6.38,-0.08,-1.238%,0.00,United States,2003,196771,Finance,Finance/Investors Services
ECF,Ellsworth Growth and Income Fund Ltd.,$7.81,-0.14,-1.761%,0.00,United States,1986,25304,Finance,Finance/Investors Services
ECF^A,Ellsworth Growth and Income Fund Ltd. 5.25% Series A Cumulative Preferred Shares (Liquidation Preference $25.00 per share),$22.2462,-0.1238,-0.553%,,United States,,1205,,
EFSH,1847 Holdings LLC Common Shares,$2.35,0.02,0.858%,1860699.00,,2022,434919,Consumer Discretionary,Professional Services
EIM,Eaton Vance Municipal Bond Fund Common Shares of Beneficial Interest $.01 par value,$10.085,0.035,0.348%,0.00,United States,2002,63431,Finance,Finance/Investors Services
ELA,Envela Corporation Common Stock,$4.35,-0.18,-3.974%,114624297.00,United States,,85958,Consumer Discretionary,Consumer Specialties
ELLO,Ellomay Capital Ltd Ordinary Shares (Israel),$16.00,-0.25,-1.538%,205600000.00,Israel,,3614,Utilities,Electric Utilities: Central
ELMD,Electromed Inc. Common Stock,$14.54,-0.21,-1.424%,125120001.00,United States,2011,11627,Health Care,Biotechnology: Electromedical & Electrotherapeutic Apparatus
EMX,EMX Royalty Corporation Common Shares (Canada),$1.92,-0.13,-6.341%,215431757.00,Canada,,927793,,
ENSV,Enservco Corporation Common Stock,$0.31,0.044,16.541%,8332689.00,United States,,4088697,Energy,Oilfield Services/Equipment
ENX,Eaton Vance New York Municipal Bond Fund Common Shares of Beneficial Interest $.01 par value,$9.52,-0.01,-0.105%,0.00,United States,2002,16533,Finance,Finance/Investors Services
EP,Empire Petroleum Corporation Common Stock,$5.45,-0.20,-3.54%,139649023.00,United States,2022,79769,Energy,Oil & Gas Production
EPM,Evolution Petroleum Corporation Inc. Common Stock,$5.76,-0.18,-3.03%,192708461.00,United States,,289664,Energy,Oil & Gas Production
EQX,Equinox Gold Corp. Common Shares,$5.97,-0.13,-2.131%,1931920035.00,Canada,,4420502,Basic Materials,Precious Metals
ERC,Allspring Multi-Sector Income Fund Common Stock,$8.96,-0.04,-0.444%,0.00,United States,2003,67950,Finance,Finance/Investors Services
ERH,Allspring Utilities and High Income Fund Common Shares,$8.98,-0.12,-1.319%,0.00,,2004,17205,Finance,Finance/Investors Services
ESP,Espey Mfg. & Electronics Corp. Common Stock,$22.90,0.03,0.131%,62080366.00,United States,1960,2079,Technology,Industrial Machinery/Components
EVBN,Evans Bancorp Inc. Common Stock,$27.04,-0.98,-3.498%,148952355.00,United States,,26925,Finance,Major Banks
EVE,EVe Mobility Acquisition Corp Class A Ordinary Shares,$11.00,0.005,0.045%,0.00,,2022,605,Finance,Blank Checks
EVI,EVI Industries Inc.  Common Stock,$22.00,-0.82,-3.593%,278833786.00,United States,1999,5503,Industrials,Industrial Machinery/Components
EVM,Eaton Vance California Municipal Bond Fund Common Shares of Beneficial Interest $.01 par value,$9.17,-0.02,-0.218%,0.00,United States,2002,99099,Finance,Finance/Investors Services
EVV,Eaton Vance Limited Duration Income Fund Common Shares of Beneficial Interest,$9.45,0.01,0.106%,0.00,United States,2003,428600,Finance,Finance/Investors Services
FAX,abrdn Asia-Pacific Income Fund Inc. Common Stock,$2.63,-0.03,-1.128%,0.00,United States,1986,934218,Finance,Investment Managers
FCO,abrdn Global Income Fund Inc. Common Stock,$5.33,0.02,0.377%,0.00,United States,1992,50355,Finance,Investment Managers
FEN,First Trust Energy Income and Growth Fund,$16.33,-0.16,-0.97%,0.00,United States,2004,33250,Finance,Finance/Investors Services
FLYX,flyExclusive Inc. Class A Common Stock,$4.69,0.02,0.428%,80785137.00,,2023,29029,Finance,Blank Checks
FOXO,FOXO Technologies Inc. Class A Common Stock,$0.3126,-0.0074,-2.313%,2796530.00,,2022,240968,Technology,Retail: Computer Software & Peripheral Equipment
FRD,Friedman Industries Inc. Common Stock,$19.31,0.12,0.625%,134712565.00,United States,1975,34492,Industrials,Steel/Iron Ore
FSI,Flexible Solutions International Inc. Common Stock (CDA),$2.11,0.00,0.00%,26270623.00,Canada,2002,7471,Consumer Discretionary,Recreational Games/Products/Toys
FSP,Franklin Street Properties Corp. Common Stock,$2.09,0.00,0.00%,216169438.00,United States,,390324,Real Estate,Real Estate Investment Trusts
FTF,Franklin Limited Duration Income Trust Common Shares of Beneficial Interest,$6.18,-0.07,-1.12%,249705211.00,United States,2003,135762,Finance,Finance/Investors Services
FURY,Fury Gold Mines Limited Common Shares,$0.5265,-0.0152,-2.806%,76630732.00,,2020,271402,Basic Materials,Precious Metals
GAU,Galiano Gold Inc.,$1.42,-0.12,-7.792%,319437689.00,Canada,,3288909,,
GBR,New Concept Energy Inc Common Stock,$1.1999,0.0799,7.134%,6157808.00,United States,1993,1739726,Energy,Oil & Gas Production
GENC,Gencor Industries Inc. Common Stock,$17.04,-0.41,-2.35%,249767242.00,United States,,17874,Industrials,Construction/Ag Equipment/Trucks
GGN,GAMCO Global Gold Natural Resources & Income Trust,$4.16,0.03,0.726%,0.00,United States,2005,957713,Finance,Finance/Investors Services
GGN^B,GAMCO Global Gold Natural Reources & Income Trust 5.00% Series B Cumulative 25.00 Liquidation Preference,$21.6201,-0.0999,-0.46%,,United States,,246,,
GLDG,GoldMining Inc. Common Shares,$0.9099,0.0299,3.398%,167276451.00,,,1048031,,
GLO,Clough Global Opportunities Fund Common Stock,$5.01,-0.05,-0.988%,0.00,United States,2006,152599,Finance,Finance/Investors Services
GLQ,Clough Global Equity Fund Clough Global Equity Fund Common Shares of Beneficial Interest,$6.43,-0.05,-0.772%,0.00,United States,2005,102135,Finance,Finance/Investors Services
GLU,Gabelli Global Utility Common Shares of Beneficial Ownership,$13.57,-0.38,-2.724%,80998122.00,United States,2004,12645,Finance,Finance/Investors Services
GLU^B,The Gabelli Global Utility and Income Trust Series B Cumulative Puttable and Callable Preferred Shares,$49.9808,0.0808,0.162%,,United States,,400,,
GLV,Clough Global Dividend and Income Fund Common Shares of beneficial interest,$5.495,-0.075,-1.346%,69839159.00,United States,2004,31646,Finance,Finance/Investors Services
GNS,Genius Group Limited Ordinary Shares,$0.4483,-0.0207,-4.414%,22818496.00,Singapore,2022,3996846,Real Estate,Other Consumer Services
GORO,Gold Resource Corporation Common Stock,$0.5372,-0.0395,-6.849%,47680588.00,United States,,1480403,Basic Materials,Precious Metals
GRF,Eagle Capital Growth Fund Inc. Common Stock,$9.3687,0.0687,0.739%,0.00,United States,,7973,Finance,Finance/Investors Services
GRFX,Graphex Group Limited American Depositary Shares each American Depositary Share representing 20 Ordinary Shares,$0.258,0.009,3.614%,200581300.00,,2022,42612,,
GROY,Gold Royalty Corp. Common Shares,$2.02,-0.01,-0.493%,292839976.00,Canada,2021,1082425,,
GSAT,Globalstar Inc. Common Stock,$1.33,0.01,0.758%,2527000000.00,United States,2006,3557380,Consumer Discretionary,Telecommunications Equipment
GTE,Gran Tierra Energy Inc. Common Stock,$8.09,-0.09,-1.10%,260874193.00,Canada,,392083,Energy,Oil & Gas Production
HNRA,HNR Acquisition Corp Class A Common Stock,$2.61,0.325,14.223%,0.00,,2022,2431214,Energy,Oil & Gas Production
HNW,Pioneer Diversified High Income Fund Inc.,$11.57,-0.1198,-1.025%,0.00,United States,2007,29970,Finance,Finance/Investors Services
HUSA,Houston American Energy Corporation Common Stock,$2.16,0.56,35.00%,23557722.00,United States,,15092650,Energy,Oil & Gas Production
HWM^,Howmet Aerospace Inc. $3.75 Preferred Stock,$59.00,-0.6435,-1.079%,,United States,,832,,
IAF,abrdn Australia Equity Fund Inc. Common Stock,$4.19,-0.20,-4.556%,0.00,United States,1985,102665,Finance,Finance/Investors Services
IAUX,i-80 Gold Corp. Common Shares,$1.19,-0.03,-2.459%,355217777.00,Canada,2022,4909236,,
IBIO,iBio Inc. Common Stock,$2.02,0.03,1.508%,7038217.00,United States,,378196,Health Care,Biotechnology: Pharmaceutical Preparations
IDR,Idaho Strategic Resources Inc. Common Stock,$8.80,-0.34,-3.72%,110526926.00,,2022,95071,Basic Materials,Precious Metals
IE,Ivanhoe Electric Inc. Common Stock,$10.46,0.12,1.161%,1258405090.00,Canada,2022,607695,Basic Materials,Metal Mining
IGC,IGC Pharma Inc. Common Stock,$0.4401,-0.0899,-16.962%,28049527.00,United States,,1116035,Health Care,Biotechnology: Pharmaceutical Preparations
IHT,InnSuites Hospitality Trust Shares of Beneficial Interest,$1.40,0.01,0.719%,12633328.00,United States,1999,2721,Real Estate,Real Estate Investment Trusts
IMO,Imperial Oil Limited Common Stock,$69.93,-1.28,-1.798%,37471067634.00,Canada,1929,512209,,
INDO,Indonesia Energy Corporation Limited Ordinary Shares,$4.94,2.20,80.292%,50091600.00,,2019,56330631,Energy,Oil & Gas Production
INFU,InfuSystems Holdings Inc. Common Stock,$8.04,0.08,1.005%,170968148.00,United States,,31832,Health Care,Medical/Dental Instruments
INLX,Intellinetics Inc. Common Stock,$7.175,-0.125,-1.712%,29515231.00,,2022,7893,Technology,EDP Services
INTT,inTest Corporation Common Stock,$12.05,-0.07,-0.578%,146584611.00,United States,1997,122211,Technology,Semiconductors
INUV,Inuvo Inc.,$0.3306,-0.0094,-2.765%,46026391.00,United States,,137722,Consumer Discretionary,Advertising
IOR,Income Opportunity Realty Investors Inc. Common Stock,$17.00,0.00,0.00%,69882138.00,United States,1987,28,Real Estate,Real Estate Investment Trusts
ISDR,Issuer Direct Corporation Common Stock,$11.90,0.00,0.00%,45401023.00,United States,,707,Consumer Discretionary,Publishing
ITP,IT Tech Packaging Inc. Common Stock,$0.2549,-0.0148,-5.488%,2565803.00,China,,40267,Basic Materials,Paper
ITRG,Integra Resources Corp. Common Shares,$0.884,-0.045,-4.844%,75484120.00,,,403089,,
JOB,GEE Group Inc. Common Stock,$0.3473,-0.0017,-0.487%,37776369.00,United States,1968,226003,Consumer Discretionary,Diversified Commercial Services
JWSM,Jaws Mustang Acquisition Corp. Class A Ordinary Shares,$10.95,0.00,0.00%,0.00,,2021,7,Finance,Blank Checks
KNW,Know Labs Inc. Common Stock,$0.655,-0.01,-1.504%,53281973.00,,2022,79636,Industrials,Industrial Machinery/Components
KULR,KULR Technology Group Inc. Common Stock,$0.801,-0.006,-0.743%,102435624.00,United States,,11439377,Technology,Electrical Products
LCTX,Lineage Cell Therapeutics Inc. Common Stock,$1.30,-0.11,-7.801%,245093597.00,United States,,1045331,Health Care,Biotechnology: Biological Products (No Diagnostic Substances)
LEGT,Legato Merger Corp. III Ordinary Shares,$10.07,0.01,0.099%,0.00,,2024,573,,
LEU,Centrus Energy Corp. Class A Common Stock,$43.41,-0.77,-1.743%,680479272.00,United States,2014,111974,,
LGL,LGL Group Inc. (The) Common Stock,$5.66,0.01,0.177%,30411491.00,United States,1946,3716,Technology,Industrial Machinery/Components
LODE,Comstock Inc. Common Stock,$0.3215,-0.0184,-5.413%,37236445.00,United States,,1341884,Finance,Real Estate
LPA,Logistic Properties of the Americas Ordinary Shares,$6.38,-1.10,-14.706%,0.00,,2024,18002,,
LPTV,Loop Media Inc. Common Stock,$0.3407,-0.0035,-1.017%,24139009.00,United States,2022,76900,Industrials,Broadcasting
LSF,Laird Superfood Inc. Common Stock,$2.29,-0.31,-11.923%,21559720.00,,2020,178418,Consumer Staples,Packaged Foods
LXFR,Luxfer Holdings PLC Ordinary Shares,$10.15,-0.19,-1.838%,272371474.00,United Kingdom,2012,103913,Industrials,Major Chemicals
MAG,MAG Silver Corporation Ordinary Shares,$11.94,-0.27,-2.211%,1229206439.00,Canada,,2139402,Basic Materials,Precious Metals
MAIA,MAIA Biotechnology Inc. Common Stock,$2.205,-0.225,-9.259%,44106231.00,,2022,178725,Health Care,Biotechnology: Pharmaceutical Preparations
MGLD,The Marygold Companies Inc. Common Stock,$1.10,0.00,0.00%,43321805.00,,2022,150,Finance,Finance/Investors Services
MHH,Mastech Digital Inc Common Stock,$8.81,-0.07,-0.788%,102303350.00,United States,,5288,Consumer Discretionary,Professional Services
MI,NFT Limited Class A Ordinary Share,$4.95,-2.30,-31.724%,173209836.00,,2023,195247,Consumer Discretionary,Other Specialty Stores
MITQ,Moving iMage Technologies Inc. Common Stock,$0.5506,0.0681,14.114%,5769857.00,United States,2021,4752,Telecommunications,Telecommunications Equipment
MLSS,Milestone Scientific Inc. Common Stock,$0.6087,0.0381,6.677%,46627708.00,United States,2015,210870,Health Care,Industrial Specialties
MMA,Alta Global Group Limited Ordinary Shares,$2.94,-0.01,-0.339%,30186997.00,,2024,8887,,
MPTI,M-tron Industries Inc. Common Stock,$28.52,-0.97,-3.289%,79742804.00,,2022,57556,,
MPU,Mega Matrix Corp. Common Stock,$2.71,-0.20,-6.873%,97220250.00,United States,1998,547357,Consumer Discretionary,Transportation Services
MRT,Marti Technologies Inc. Class A Ordinary Shares,$1.33,-0.06,-4.317%,23898438.00,,2021,150392,Consumer Discretionary,Rental/Leasing Companies
MSN,Emerson Radio Corporation Common Stock,$0.55,0.019,3.578%,11573459.00,United States,1994,8165,Consumer Staples,Consumer Electronics/Appliances
MTA,Metalla Royalty & Streaming Ltd. Common Shares,$3.23,-0.01,-0.309%,295250586.00,,,1370229,,
MTNB,Matinas Biopharma Holdings Inc. Common Stock,$0.2032,0.0015,0.744%,44192511.00,United States,2017,423624,Health Care,Biotechnology: Pharmaceutical Preparations
MWG,Multi Ways Holdings Limited Ordinary Shares,$0.313,-0.0076,-2.371%,7762400.00,,2023,39701,Consumer Discretionary,Miscellaneous manufacturing industries
MXC,Mexco Energy Corporation Common Stock,$14.10,0.90,6.818%,29579516.00,United States,2003,57796,Energy,Oil & Gas Production
MYND,Mynd.ai Inc. American Depositary Shares,$3.50,-0.60,-14.634%,159767237.00,,2017,17020,Real Estate,Other Consumer Services
MYO,Myomo Inc. Common Stock,$2.97,-0.15,-4.808%,84606889.00,United States,2017,124753,Health Care,Industrial Specialties
NAK,Northern Dynasty Minerals Ltd. Common Stock,$0.35,0.00,0.00%,185473054.00,Canada,,2498187,Basic Materials,Precious Metals
NBH,Neuberger Berman Municipal Fund Inc. Common Stock,$10.18,0.02,0.197%,0.00,United States,2002,158187,Finance,Finance/Investors Services
NBY,NovaBay Pharmaceuticals Inc. Common Stock,$0.0904,0.0008,0.893%,2720873.00,United States,2007,690249,Health Care,Biotechnology: Pharmaceutical Preparations
NCL,Northann Corp. Common Stock,$0.50,-0.0031,-0.616%,10690000.00,,2023,65996,,
NEN,New England Realty Associates Limited Partnership Class A Depositary Receipts Evidencing Units of Limited Partnership,$69.4583,-1.2617,-1.784%,197115084.00,United States,,259,Real Estate,Building operators
NEWP,New Pacific Metals Corp. Common Shares,$1.84,0.06,3.371%,315021588.00,,2021,760976,,
NFGC,New Found Gold Corp Common Shares,$3.88,0.01,0.258%,725067287.00,,2021,720056,,
NG,Novagold Resources Inc.,$3.15,-0.03,-0.943%,1053269352.00,Canada,2003,3878128,Basic Materials,Precious Metals
NGD,New Gold Inc.,$1.80,-0.04,-2.174%,1234080000.00,Canada,,14381435,Basic Materials,Metal Mining
NHC,National HealthCare Corporation Common Stock,$89.14,-0.66,-0.735%,1368298019.00,United States,1986,44602,Health Care,Hospital/Nursing Management
NHS,Neuberger Berman High Yield Strategies Fund,$7.91,-0.15,-1.861%,0.00,United States,,93929,Finance,Trusts Except Educational Religious and Charitable
NML,Neuberger Berman Energy Infrastructure and Income Fund Inc. Common Stock,$7.19,-0.21,-2.838%,0.00,,2013,594265,Finance,Finance/Investors Services
NNVC,NanoViricides Inc. Common Stock,$1.25,-0.02,-1.575%,14723750.00,United States,,13594,Health Care,Biotechnology: Pharmaceutical Preparations
NRO,Neuberger Berman Real Estate Securities Income Fund Inc.,$3.18,-0.07,-2.154%,0.00,United States,2003,163817,Finance,Finance/Investors Services
NRXS,Neuraxis Inc. Common Stock,$3.10,-0.06,-1.899%,16397493.00,,2023,9866,,
NTIP,Network-1 Technologies Inc. Common Stock,$2.0459,-0.0245,-1.183%,48099148.00,United States,,6263,Miscellaneous,Multi-Sector Companies
OBE,Obsidian Energy Ltd. Common Shares,$8.49,-0.17,-1.963%,656307038.00,Canada,2022,374084,,
OGEN,Oragenics Inc. Common Stock,$1.23,0.00,0.00%,5511252.00,United States,,19787,Health Care,Biotechnology: Pharmaceutical Preparations
OPTT,Ocean Power Technologies Inc. Common Stock,$0.2379,-0.0019,-0.792%,14146384.00,United States,2007,314224,Utilities,Electric Utilities: Central
ORLA,Orla Mining Ltd. Common Shares,$3.96,-0.23,-5.489%,1245107160.00,,2020,760884,,
OZ,Belpointe PREP LLC Class A Units,$60.00,0.79,1.334%,223902240.00,,,2252,,
PAPL,Pineapple Financial Inc. Common Stock,$1.515,-0.085,-5.313%,10880706.00,,2023,57921,Finance,Finance: Consumer Services
PCG^A,Pacific Gas & Electric Co. 6% Preferred Stock,$23.89,-0.01,-0.042%,,United States,,5841,,
PCG^B,Pacific Gas & Electric Co. 5 1/2% Preferred Stock,$20.63,-0.22,-1.055%,,United States,,2226,,
PCG^C,Pacific Gas & Electric Co. 5% 1st Preferred Stock,$19.00,0.00,0.00%,,United States,,104,,
PCG^D,Pacific Gas & Electric Co. 5% 1st  Red. Preferred Stock,$18.55,-0.22,-1.172%,,United States,,440,,
PCG^E,Pacific Gas & Electric Co. 5% 1st A Preferred Stock,$18.9998,0.1992,1.06%,,United States,,1382,,
PCG^G,Pacific Gas & Electric Co. 4.80% 1st Preferred Stock,$18.00,0.0999,0.558%,,United States,,602,,
PCG^H,Pacific Gas & Electric Co. 4.50% 1st Preferred Stock,$16.55,0.20,1.223%,,United States,,7611,,
PCG^I,Pacific Gas & Electric Co. 4.36% 1st Preferred Stock,$16.812,0.0842,0.503%,,United States,,1383,,
PED,Pedevco Corp. Common Stock,$0.8851,0.0901,11.333%,79088347.00,United States,,962284,Energy,Oil & Gas Production
PHGE,BiomX Inc. COmmon Stock,$0.315,-0.0103,-3.166%,17394324.00,,2019,68606,Health Care,Biotechnology: Biological Products (No Diagnostic Substances)
PLAG,Planet Green Holdings Corp. Common Stock,$0.2259,-0.0007,-0.309%,16283308.00,China,,9943,Consumer Staples,Packaged Foods
PLG,Platinum Group Metals Ltd. Ordinary Shares (Canada),$1.28,-0.05,-3.759%,131042144.00,Canada,,1367237,,
PLX,Protalix BioTherapeutics Inc. (DE) Common Stock,$1.18,-0.04,-3.279%,86201506.00,Israel,,342094,Health Care,Biotechnology: Biological Products (No Diagnostic Substances)
PMNT,Perfect Moment Ltd. Common Stock,$3.2048,0.0148,0.464%,50166173.00,United Kingdom,2024,340,,
PRK,Park National Corporation Common Stock,$125.23,0.36,0.288%,2018266665.00,United States,1994,33417,Finance,Major Banks
PTN,Palatin Technologies Inc. Common Stock,$1.92,-0.08,-4.00%,30982349.00,United States,1999,319752,Health Care,Biotechnology: Pharmaceutical Preparations
PW,Power REIT (MD) Common Stock,$0.5548,0.0278,5.275%,1880584.00,United States,1998,7508,Real Estate,Real Estate Investment Trusts
PW^A,Power REIT 7.75% Series A Cumulative Perpetual Preferred Stock,$3.19,-0.3572,-10.07%,,United States,,110,,
PZG,Paramount Gold Nevada Corp. Common Stock,$0.4601,-0.0098,-2.086%,27748785.00,United States,2015,656034,Basic Materials,Precious Metals
RCG,RENN Fund Inc Common Stock,$1.59,0.01,0.633%,0.00,United States,,16566,Finance,Investment Managers
REI,Ring Energy Inc. Common Stock,$2.08,-0.04,-1.887%,411703140.00,United States,,1841605,Energy,Oil & Gas Production
REPX,Riley Exploration Permian Inc. Common Stock,$29.31,-0.27,-0.913%,597924938.00,United States,1999,223322,Energy,Oil & Gas Production
RHE,Regional Health Properties Inc. Common Stock,$2.80,-0.06,-2.098%,5149278.00,,2017,4130,Real Estate,Real Estate
RHE^A,Regional Health Properties Inc. 10.875% Series A Cumulative Redeemable Preferred Stock,$0.8499,0.1099,14.851%,,,,170,,
RLGT,Radiant Logistics Inc. Common Stock,$5.20,-0.03,-0.574%,243999787.00,United States,,91731,Consumer Discretionary,Oil Refining/Marketing
RVP,Retractable Technologies Inc. Common Stock,$1.08,-0.03,-2.703%,32332132.00,United States,2001,117333,Health Care,Medical/Dental Instruments
RYDE,Ryde Group Ltd. Class A Ordinary Shares,$2.534,0.284,12.622%,48433465.00,,2024,34199,,
SACC,Sachem Capital Corp. 6.875% Notes due 2024,$24.65,0.00,0.00%,1169545157.00,United States,2019,18,Real Estate,Real Estate Investment Trusts
SACH,Sachem Capital Corp. Common Shares,$3.21,-0.04,-1.231%,152301824.00,United States,2017,372361,Real Estate,Real Estate Investment Trusts
SACH^A,Sachem Capital Corp. 7.75% Series A Cumulative Redeemable Preferred Stock,$21.90,0.09,0.413%,,United States,,2283,,
SATX,SatixFy Communications Ltd. Ordinary Share,$0.5643,-0.0157,-2.707%,46901339.00,,2022,70086,Technology,Radio And Television Broadcasting And Communications Equipment
SBEV,Splash Beverage Group Inc. (NV) Common Stock,$0.33,-0.0051,-1.522%,14892797.00,,2021,197827,Consumer Staples,Beverages (Production/Distribution)
SCCB,Sachem Capital Corp. 7.125% Notes due 2024,$24.96,0.04,0.161%,1184253433.00,United States,2019,1939,Real Estate,Real Estate Investment Trusts
SCCC,Sachem Capital Corp. 7.75% Notes due 2025,$24.8501,-0.0249,-0.10%,1179039112.00,United States,2020,4509,Real Estate,Real Estate Investment Trusts
SCCD,Sachem Capital Corp. 6.00% Notes due 2026,$22.50,-0.05,-0.222%,1067536148.00,United States,,1582,Real Estate,Real Estate Investment Trusts
SCCE,Sachem Capital Corp. 6.00% Notes due 2027,$22.40,0.05,0.224%,1062791542.00,United States,2022,1144,Real Estate,Real Estate Investment Trusts
SCCF,Sachem Capital Corp. 7.125% Notes due 2027,$22.50,-0.23,-1.012%,1067536148.00,United States,2022,1961,Real Estate,Real Estate Investment Trusts
SCCG,Sachem Capital Corp. 8.00% Notes due 2027,$23.55,-0.095,-0.402%,1117354501.00,United States,2022,1328,Real Estate,Real Estate Investment Trusts
SCPX,Scorpius Holdings Inc. Common Stock,$0.1598,-0.0002,-0.125%,4167886.00,United States,2022,94320,Health Care,Biotechnology: Pharmaceutical Preparations
SDPI,Superior Drilling Products Inc. Common Stock,$1.1016,-0.0284,-2.513%,33478990.00,,2014,152916,Industrials,Metal Fabrications
SEB,Seaboard Corporation Common Stock,$3102.02,-14.13,-0.453%,3012232031.00,United States,1996,2738,Industrials,Farming/Seeds/Milling
SENS,Senseonics Holdings Inc. Common Stock,$0.481,-0.02,-3.992%,255251517.00,United States,,2186074,Industrials,Industrial Machinery/Components
SER,Serina Therapeutics Inc. Common Stock,$11.13,0.00,0.00%,27832390.00,,2018,307,Health Care,Biotechnology: Pharmaceutical Preparations
SGE,Strong Global Entertainment Inc. Class A Common Voting Shares,$1.18,-0.10,-7.813%,9295854.00,,2023,247,,
SGN,Signing Day Sports Inc. Common Stock,$0.3338,0.0039,1.182%,5128941.00,,2023,138410,,
SIF,SIFCO Industries Inc. Common Stock,$3.03,-0.12,-3.81%,18664761.00,United States,1969,3737,Industrials,Office Equipment/Supplies/Services
SILV,SilverCrest Metals Inc. Common Shares,$7.21,-0.10,-1.368%,1059422980.00,Canada,2018,3188812,Industrials,Industrial Machinery/Components
SIM,Grupo Simec S.A.B. de C.V. American Depositary Shares,$33.00,0.00,0.00%,5083494768.00,Mexico,1998,78,Industrials,Steel/Iron Ore
SKYH,Sky Harbour Group Corporation Class A Common Stock,$10.91,0.16,1.488%,724658325.00,United States,2022,14574,Industrials,Military/Government/Technical
SLI,Standard Lithium Ltd. Common Shares,$1.15,-0.08,-6.504%,198780027.00,Canada,2021,780939,,
SLND,Southland Holdings Inc. Common Stock,$5.00,-0.12,-2.344%,239719305.00,United States,,4985,Industrials,Military/Government/Technical
SOAR,Volato Group Inc. Class A Common Stock,$2.75,-0.10,-3.509%,80441980.00,,2022,93404,Finance,Blank Checks
SSY,SunLink Health Systems Inc. Common Stock,$0.6875,0.00,0.00%,4840415.00,United States,1996,8873,Health Care,Hospital/Nursing Management
STRW,Strawberry Fields REIT Inc. Common Stock,$8.25,-0.02,-0.242%,53411944.00,,2023,5707,Real Estate,Real Estate Investment Trusts
STXS,Stereotaxis Inc. Common Stock,$2.71,-0.20,-6.873%,222568945.00,United States,,405184,Health Care,Biotechnology: Electromedical & Electrotherapeutic Apparatus
SVM,Silvercorp Metals Inc. Common Shares,$3.53,-0.27,-7.105%,626145039.00,Canada,,9403635,Basic Materials,Precious Metals
SVT,Servotronics Inc. Common Stock,$12.20,-0.6028,-4.708%,31028419.00,United States,1970,1094,Consumer Discretionary,Industrial Machinery/Components
SYNX,Silynxcom Ltd. Ordinary Shares,$3.95,0.11,2.865%,20737500.00,,2024,11173,,
TELL,Tellurian Inc. Common Stock,$0.5004,-0.0072,-1.418%,391509673.00,United States,,25516796,Energy,Oil & Gas Production
TELZ,Tellurian Inc. 8.25% Senior Notes due 2028,$13.50,-0.50,-3.571%,10562311319.00,United States,,7193,Energy,Oil & Gas Production
TGB,Taseko Mines Ltd. Common Stock,$2.49,-0.02,-0.797%,718930230.00,Canada,,4247353,Basic Materials,Precious Metals
THM,International Tower Hill Mines Ltd. Ordinary Shares (Canada),$0.751,-0.0488,-6.102%,149969775.00,Canada,,653825,Basic Materials,Metal Mining
TMP,Tompkins Financial Corporation Common Stock,$44.33,0.29,0.658%,638623211.00,United States,1997,48155,Finance,Major Banks
TMQ,Trilogy Metals Inc. Common Stock,$0.528,0.0068,1.305%,84568064.00,Canada,,638633,,
TOON,Kartoon Studios Inc. Common Stock,$1.64,-0.20,-10.87%,58002951.00,United States,,1542766,Consumer Discretionary,Movies/Entertainment
TOVX,Theriva Biologics Inc. Common Stock,$0.4495,0.0095,2.159%,7708048.00,United States,,41906,Health Care,Biotechnology: Pharmaceutical Preparations
TPET,Trio Petroleum Corp. Common Stock,$0.516,0.2849,123.28%,19046501.00,,2023,338226821,Energy,Oil & Gas Production
TPHS,Trinity Place Holdings Inc. Common Stock,$0.1405,-0.0006,-0.425%,8963036.00,,,208277,Real Estate,Building operators
TRT,Trio-Tech International Common Stock,$6.42,-0.15,-2.283%,26768543.00,United States,1998,500,Technology,Industrial Machinery/Components
TRX,TRX Gold Corporation Common Stock,$0.4159,-0.0431,-9.39%,116073836.00,Canada,,1118621,Basic Materials,Precious Metals
UAMY,United States Antimony Corporation Common Stock,$0.243,-0.0054,-2.174%,26158298.00,United States,,1266207,Industrials,Metal Fabrications
UAVS,AgEagle Aerial Systems Inc. Common Stock,$0.7138,0.0238,3.449%,7774301.00,United States,,371858,Industrials,Aerospace
UEC,Uranium Energy Corp. Common Stock,$7.26,-0.09,-1.224%,2934059326.00,Canada,,7048412,Basic Materials,Other Metals and Minerals
UMAC,Unusual Machines Inc. Common Stock,$1.85,-0.04,-2.116%,16804181.00,,2024,25409,,
URG,Ur Energy Inc Common Shares (Canada),$1.69,-0.08,-4.52%,475948488.00,Canada,,3354578,Basic Materials,Precious Metals
USAS,Americas Gold and Silver Corporation Common Shares no par value,$0.2969,0.0089,3.09%,64450352.00,Canada,2017,3393581,,
UTG,Reaves Utility Income Fund Common Shares of Beneficial Interest,$26.08,-0.17,-0.648%,0.00,United States,2004,269693,Finance,Investment Managers
UUU,Universal Security Instruments Inc. Common Stock,$1.655,0.0375,2.318%,3827828.00,United States,2003,25991,Technology,Electronic Components
UUUU,Energy Fuels Inc Ordinary Shares (Canada),$6.20,-0.22,-3.427%,1014134490.00,Canada,,3029350,,
VCXB,10X Capital Venture Acquisition Corp. III Class A Ordinary Shares,$10.865,0.015,0.138%,165247849.00,,2022,2285,Finance,Blank Checks
VFL,abrdn National Municipal Income Fund Common Stock,$9.97,0.03,0.302%,0.00,United States,1993,27683,Finance,Finance/Investors Services
VGZ,Vista Gold Corp Common Stock,$0.5701,-0.0001,-0.018%,69286559.00,United States,1986,712888,Basic Materials,Precious Metals
VINE,Fresh Vine Wine Inc. Common Stock,$0.617,0.017,2.833%,9857332.00,,2021,48342,Consumer Staples,Beverages (Production/Distribution)
VKI,Invesco Advantage Municipal Income Trust II Common Shares of Beneficial Interest (DE),$8.27,0.01,0.121%,367237785.00,United States,1993,55091,Finance,Finance Companies
VNRX,VolitionRX Limited Common Stock,$0.685,-0.0249,-3.508%,56216883.00,Singapore,2015,103785,Health Care,Biotechnology: In Vitro & In Vivo Diagnostic Substances
VTAK,Catheter Precision Inc. Common Stock,$0.4855,0.0405,9.101%,3676887.00,,2018,32052,Health Care,Medical/Dental Instruments
VZLA,Vizsla Silver Corp. Common Shares,$1.42,-0.06,-4.054%,295351223.00,,2022,2197751,Basic Materials,Precious Metals
WRN,Western Copper and Gold Corporation Common Stock,$1.535,-0.03,-1.917%,249620119.00,Canada,2011,503170,,
WWR,Westwater Resources Inc. Common Stock,$0.467,-0.013,-2.708%,26573203.00,United States,,134659,Basic Materials,Metal Mining
WYY,WidePoint Corporation Common Stock,$2.24,-0.02,-0.885%,19809828.00,United States,,22229,Technology,EDP Services
XPL,Solitario Resources Corp. Common Stock,$0.68,-0.0082,-1.192%,54152723.00,United States,,1672405,Basic Materials,Precious Metals
XTNT,Xtant Medical Holdings Inc. Common Stock,$0.8372,-0.0428,-4.864%,109017288.00,United States,,88359,Health Care,Biotechnology: Biological Products (No Diagnostic Substances)
YCBD,cbdMD Inc. Common Stock,$0.915,-0.105,-10.294%,2786259.00,United States,2017,67746,Consumer Discretionary,Package Goods/Cosmetics
YCBD^A,cbdMD Inc. 8.0% Series A Cumulative Convertible Preferred Stock,$0.74,0.01,1.37%,,United States,,33771,,
ZDGE,Zedge Inc. Class B Common Stock ,$2.50,-0.05,-1.961%,36394575.00,,2016,46387,Technology,Computer Software: Prepackaged Software
ZOM,Zomedica Corp. Common Shares,$0.135,-0.0035,-2.527%,132293205.00,United States,2017,3123455,Health Care,Biotechnology: Pharmaceutical Preparations
